,title,price,year,link,type,color,age
0,vintage 60s raleigh colt bike,35,,https://baltimore.craigslist.org/bik/d/baltimore-vintage-60s-raleigh-colt-bike/7823680747.html,missing,missing,
1,tulsa huffy navy blue bike,15,,https://baltimore.craigslist.org/bik/d/baltimore-tulsa-huffy-navy-blue-bike/7823682187.html,missing,blue,
2,roadmaster mt sport sx 18 speed torque drive bike,20,,https://baltimore.craigslist.org/bik/d/baltimore-roadmaster-mt-sport-sx-18/7823675494.html,missing,missing,
3,fuji espree vintage 80s touring bike,35,,https://baltimore.craigslist.org/bik/d/baltimore-fuji-espree-vintage-80s/7823678511.html,missing,missing,
4,huffy ultima 10 speed bike,15,,https://baltimore.craigslist.org/bik/d/baltimore-huffy-ultima-10-speed-bike/7823672791.html,missing,missing,
5,stonegrinder stone grinder motiv bike,15,,https://baltimore.craigslist.org/bik/d/baltimore-stonegrinder-stone-grinder/7823667385.html,missing,missing,
6,mongoose crossway 350 bike,25,,https://baltimore.craigslist.org/bik/d/baltimore-mongoose-crossway-350-bike/7823665080.html,missing,missing,
7,2024 honda rebel,9,2024.0,https://norfolk.craigslist.org/bik/d/norfolk-2024-honda-rebel/7824301324.html,missing,missing,1.0
8,xs specialized ruby wsd carbon road bike,750,,https://washingtondc.craigslist.org/doc/bik/d/falls-church-xs-specialized-ruby-wsd/7824297728.html,road,missing,
9,xs kona lisa wsd road bike,400,,https://washingtondc.craigslist.org/doc/bik/d/falls-church-xs-kona-lisa-wsd-road-bike/7824296614.html,road,missing,
10,raleigh 24”,40,,https://fredericksburg.craigslist.org/bik/d/culpeper-raleigh-24/7824296470.html,missing,missing,
11,cannondale,100,,https://fredericksburg.craigslist.org/bik/d/culpeper-cannondale/7824296015.html,missing,missing,
12,excellent 24 inch mountain bike,100,,https://washingtondc.craigslist.org/mld/bik/d/rockville-excellent-24-inch-mountain/7824295726.html,mountain,missing,
13,"20"" fuji sandblaster mountain bike",80,,https://washingtondc.craigslist.org/mld/bik/d/rockville-20-fuji-sandblaster-mountain/7820280009.html,mountain,missing,
14,"fully restored trek 20"" mountain bike!",140,,https://washingtondc.craigslist.org/mld/bik/d/rockville-fully-restored-trek-20/7818369794.html,mountain,missing,
15,like new huffy seastar bike,50,,https://washingtondc.craigslist.org/mld/bik/d/rockville-like-new-huffy-seastar-bike/7818031695.html,missing,missing,
16,"reduced-nishiki pueblo 24"" mountain bike",120,,https://washingtondc.craigslist.org/mld/bik/d/rockville-reduced-nishiki-pueblo-24/7819453631.html,mountain,missing,
17,like new schwinn 24 inch bike,95,,https://washingtondc.craigslist.org/mld/bik/d/rockville-like-new-schwinn-24-inch-bike/7823378703.html,missing,missing,
18,"like new nishiki pueblo 20"" bike",110,,https://washingtondc.craigslist.org/mld/bik/d/rockville-like-new-nishiki-pueblo-20/7823733846.html,missing,missing,
19,"20"" haro midway bmx bike",250,,https://norfolk.craigslist.org/bik/d/chesapeake-20-haro-midway-bmx-bike/7816917858.html,bmx,missing,
20,"20"" cult gateway bmx bike",250,,https://norfolk.craigslist.org/bik/d/chesapeake-20-cult-gateway-bmx-bike/7821339097.html,bmx,missing,
21,vintage schwinn bicycle rack rear carrier,60,,https://norfolk.craigslist.org/bik/d/chesapeake-vintage-schwinn-bicycle-rack/7824293534.html,missing,missing,
22,rare 3g ggg show time chopper beach cruiser,350,,https://norfolk.craigslist.org/bik/d/chesapeake-rare-3g-ggg-show-time/7824293392.html,beach,missing,
23,"rare vtg 1980s miele aries 800 men's mountain bike - 20"" / 18 speeds",500,1980.0,https://washingtondc.craigslist.org/mld/bik/d/gaithersburg-rare-vtg-1980s-miele-aries/7821132142.html,mountain,missing,45.0
24,"trailmate desoto 24"" classic adult tricycle",250,,https://norfolk.craigslist.org/bik/d/chesapeake-trailmate-desoto-24-classic/7820055558.html,missing,missing,
25,carbon fiber bicycle,120,,https://baltimore.craigslist.org/bik/d/baltimore-carbon-fiber-bicycle/7824291221.html,missing,missing,
26,torker bermuda tandem,250,,https://washingtondc.craigslist.org/nva/bik/d/alexandria-torker-bermuda-tandem/7821276898.html,missing,missing,
27,trek 7.1 fx hybrid,250,,https://norfolk.craigslist.org/bik/d/chesapeake-trek-71-fx-hybrid/7822578391.html,missing,missing,
28,saris bones bike rack,100,,https://norfolk.craigslist.org/bik/d/chesapeake-saris-bones-bike-rack/7821986367.html,missing,missing,
29,gary fisher hoo koo ekoo mountain bike,225,,https://norfolk.craigslist.org/bik/d/chesapeake-gary-fisher-hoo-koo-ekoo/7823703714.html,mountain,missing,
30,cannondale sp300 silk path hybrid $325 mint!!,325,,https://raleigh.craigslist.org/bik/d/raleigh-cannondale-sp300-silk-path/7824285457.html,missing,missing,
31,schwinn 21-speed bicycle  (recently serviced!!),225,,https://lancaster.craigslist.org/bik/d/lancaster-schwinn-21-speed-bicycle/7817589143.html,missing,missing,
32,rare one of a kind custom built vintage og lovely eye candy lowrider 2,888,,https://washingtondc.craigslist.org/nva/bik/d/sterling-rare-one-of-kind-custom-built/7821664222.html,missing,missing,
33,jcpenney road bicycle,95,,https://lancaster.craigslist.org/bik/d/lancaster-jcpenney-road-bicycle/7822609215.html,road,missing,
34,trek y-22 oclv full-suspension carbon bicycle (just serviced!),475,,https://lancaster.craigslist.org/bik/d/lancaster-trek-22-oclv-full-suspension/7822610881.html,missing,missing,
35,cannondale f400 front suspension bicycle  (just serviced!),275,,https://lancaster.craigslist.org/bik/d/lancaster-cannondale-f400-front/7822610059.html,missing,missing,
36,diamondback tandem bicycle,225,,https://lancaster.craigslist.org/bik/d/lancaster-diamondback-tandem-bicycle/7821859114.html,missing,missing,
37,schwinn s1 cruiser bicycle (new - just assembled!!!),225,,https://lancaster.craigslist.org/bik/d/lancaster-schwinn-s1-cruiser-bicycle/7818339958.html,missing,missing,
38,mongoose 20” bmx bicycle,110,,https://lancaster.craigslist.org/bik/d/lancaster-mongoose-20-bmx-bicycle/7822609602.html,bmx,missing,
39,classic dahon folding bike,85,,https://winstonsalem.craigslist.org/bik/d/winston-salem-classic-dahon-folding-bike/7824281959.html,missing,missing,
40,"trek madone 5.2 full carbon road bike, handbuilt in the usa (52 cm)",850,,https://annapolis.craigslist.org/bik/d/baltimore-trek-madone-52-full-carbon/7824278068.html,road,missing,
41,k2 girls mountain bike,160,,https://washingtondc.craigslist.org/mld/bik/d/montgomery-village-k2-girls-mountain/7824267822.html,mountain,missing,
42,schwinn vintage,60,,https://winstonsalem.craigslist.org/bik/d/winston-salem-schwinn-vintage/7822533505.html,missing,missing,
43,scott subcross 40 - large aluminum frame-almost new,395,,https://washingtondc.craigslist.org/nva/bik/d/springfield-scott-subcross-40-large/7824264600.html,missing,missing,
44,specialized rockhopper in like new condition-large frame,450,,https://washingtondc.craigslist.org/nva/bik/d/springfield-specialized-rockhopper-in/7824264459.html,missing,missing,
45,"schwinn high plains, (large)",220,,https://washingtondc.craigslist.org/doc/bik/d/arlington-schwinn-high-plains-large/7817146497.html,missing,missing,
46,specialized hardrock,200,,https://washingtondc.craigslist.org/doc/bik/d/washington-specialized-hardrock/7820143208.html,missing,missing,
47,giant halfwheeler 7 (kid's bike attachment),10,,https://washingtondc.craigslist.org/doc/bik/d/arlington-giant-halfwheeler-kids-bike/7820136277.html,missing,missing,
48,"specialized rockhopper-17"" aluminum frame; excellent condition",395,,https://washingtondc.craigslist.org/nva/bik/d/springfield-specialized-rockhopper-17/7824259209.html,missing,missing,
49,2007 yamaha vstar 650cc,2500,2007.0,https://altoona.craigslist.org/bik/d/altoona-2007-yamaha-vstar-650cc/7824258755.html,missing,missing,18.0
50,"gt avalanche pro-21.5""  xl aluminum frame - like new",295,,https://washingtondc.craigslist.org/nva/bik/d/springfield-gt-avalanche-pro-215-xl/7824258401.html,missing,missing,
51,thule locking 2bike rack/$100,100,,https://baltimore.craigslist.org/bik/d/belcamp-thule-locking-2bike-rack-100/7822844640.html,missing,missing,
52,xl upgraded specialized turbo vado 1.0 e-bike,1450,,https://washingtondc.craigslist.org/nva/bik/d/springfield-xl-upgraded-specialized/7824248898.html,missing,missing,
53,fuji sandblaster children’s mountain bike,50,,https://washingtondc.craigslist.org/nva/bik/d/arlington-fuji-sandblaster-childrens/7824254212.html,mountain,missing,
54,"pink kids bike for ages 1-4, training wheels, basket, bell",70,,https://washingtondc.craigslist.org/nva/bik/d/springfield-pink-kids-bike-for-ages-4/7821555902.html,missing,pink,
55,"small felt “surplus 70” hardtail mountain bike, like new",850,,https://washingtondc.craigslist.org/nva/bik/d/springfield-small-felt-surplus-70/7824248456.html,mountain,missing,
56,"extra small full carbon trek madone 4.5 wsd road bike, great condition",790,,https://washingtondc.craigslist.org/nva/bik/d/springfield-extra-small-full-carbon/7824248299.html,road,missing,
57,outroad road bicycle - like new,80,,https://fredericksburg.craigslist.org/bik/d/spotsylvania-outroad-road-bicycle-like/7820997018.html,road,missing,
58,trek madone - all carbon fiber  wsd frame - 20 speed - excellent  cond,795,,https://washingtondc.craigslist.org/nva/bik/d/springfield-trek-madone-all-carbon/7824245271.html,missing,missing,
59,giant ocr2 - like new - 27 speed - sti flight deck shift/brake levers,475,,https://washingtondc.craigslist.org/nva/bik/d/springfield-giant-ocr2-like-new-27/7824245038.html,missing,missing,
60,"trek 4900, 22.5"" frame, 24 speed, recently tuned",350,,https://washingtondc.craigslist.org/nva/bik/d/burke-trek-frame-24-speed-recently-tuned/7824244838.html,missing,missing,
61,trek slr-27 speed-48cm frame-carbon fiber fork-recently tuned,475,,https://washingtondc.craigslist.org/nva/bik/d/burke-trek-slr-27-speed-48cm-frame/7824244494.html,missing,missing,
62,nice 20” bronco bmx bike,60,,https://raleigh.craigslist.org/bik/d/cary-nice-20-bronco-bmx-bike/7824234164.html,bmx,missing,
63,raliegh m20 mt. bike  21 spd  26” whls,99,,https://harrisburg.craigslist.org/bik/d/enola-raliegh-m20-mt-bike-21-spd-26-whls/7824232119.html,missing,missing,
64,trek 800 mt. track   18 spd 26 “ whls,125,,https://harrisburg.craigslist.org/bik/d/enola-trek-800-mt-track-18-spd-26-whls/7824229866.html,missing,missing,
65,schwinn “clear creek “ 21 spd  26” whls,99,,https://harrisburg.craigslist.org/bik/d/enola-schwinn-clear-creek-21-spd-26-whls/7824227907.html,missing,missing,
66,like brand new thule t2 pro xtr 2 bike hitch,450,,https://baltimore.craigslist.org/bik/d/baltimore-like-brand-new-thule-t2-pro/7824227711.html,missing,missing,
67,lightweight trek,0,,https://pittsburgh.craigslist.org/bik/d/pittsburgh-lightweight-trek/7817226443.html,missing,missing,
68,trek,0,,https://pittsburgh.craigslist.org/bik/d/pittsburgh-trek/7817226131.html,missing,missing,
69,giant (street) cross sport hybrid bicycle,0,,https://pittsburgh.craigslist.org/bik/d/pittsburgh-giant-street-cross-sport/7817225517.html,missing,missing,
70,large mongoose,0,,https://pittsburgh.craigslist.org/bik/d/pittsburgh-large-mongoose/7817225116.html,missing,missing,
71,avigo “passion”  kids bike  20” whls,35,,https://harrisburg.craigslist.org/bik/d/enola-avigo-passion-kids-bike-20-whls/7824226354.html,missing,missing,
72,firmstrong urban lady women's beach cruiser bike,200,,https://annapolis.craigslist.org/bik/d/severna-park-firmstrong-urban-lady/7824225813.html,beach,missing,
73,"genesis  18” whls, kids bike",35,,https://harrisburg.craigslist.org/bik/d/enola-genesis-18-whls-kids-bike/7824225060.html,missing,missing,
74,nishiki “pueblo”  21 spd  26” whls,99,,https://harrisburg.craigslist.org/bik/d/enola-nishiki-pueblo-21-spd-26-whls/7824223579.html,missing,missing,
75,"trek xcaliber 8, 29er, l 2022",650,2022.0,https://baltimore.craigslist.org/bik/d/baltimore-trek-xcaliber-29er-2022/7824223056.html,missing,missing,3.0
76,2024 hyper wizard custom bmx build,2400,2024.0,https://charlottesville.craigslist.org/bik/d/charlottesville-2024-hyper-wizard/7824223352.html,bmx,missing,1.0
77,"20"" folding bike brand new",120,,https://lancaster.craigslist.org/bik/d/lancaster-20-folding-bike-brand-new/7823638691.html,missing,missing,
78,mongoose “avalon”  21 spd  26” whls.,99,,https://harrisburg.craigslist.org/bik/d/enola-mongoose-avalon-21-spd-26-whls/7824221798.html,missing,missing,
79,fuji racing bicycle,360,,https://pittsburgh.craigslist.org/bik/d/carnegie-fuji-racing-bicycle/7824221130.html,missing,missing,
80,kids balance bike,15,,https://richmond.craigslist.org/bik/d/midlothian-kids-balance-bike/7821067279.html,missing,missing,
81,"12"" girls huffy bike",30,,https://pittsburgh.craigslist.org/bik/d/irwin-12-girls-huffy-bike/7820338476.html,missing,missing,
82,"**new** electra townie 7d eq step-over men's 26"" cruiser bike - cement",750,,https://raleigh.craigslist.org/bik/d/wake-forest-new-electra-townie-7d-eq/7824219244.html,missing,missing,
83,"16"" boys mini rod bike",40,,https://pittsburgh.craigslist.org/bik/d/irwin-16-boys-mini-rod-bike/7818743134.html,missing,missing,
84,schwinn “sidewinder “  21 spd 26” whls,99,,https://harrisburg.craigslist.org/bik/d/enola-schwinn-sidewinder-21-spd-26-whls/7824218342.html,missing,missing,
85,kent “taboo”,35,,https://harrisburg.craigslist.org/bik/d/enola-kent-taboo/7824216404.html,missing,missing,
86,schwinn continental 10-speed road bike,165,,https://washingtondc.craigslist.org/mld/bik/d/rockville-schwinn-continental-10-speed/7818874572.html,road,missing,
87,gold chubei japanese 10-speed road bike,95,,https://washingtondc.craigslist.org/mld/bik/d/rockville-gold-chubei-japanese-10-speed/7816677757.html,road,missing,
88,red nishiki olympic japanese 12-speed road bike,195,,https://washingtondc.craigslist.org/mld/bik/d/rockville-red-nishiki-olympic-japanese/7816677675.html,road,red,
89,gary fisher alfresco 21-speed hybrid bike,295,,https://washingtondc.craigslist.org/mld/bik/d/rockville-gary-fisher-alfresco-21-speed/7816677608.html,missing,missing,
90,raleigh m40 mountain sport 21-speed mountain bike,165,,https://washingtondc.craigslist.org/mld/bik/d/rockville-raleigh-m40-mountain-sport-21/7816677508.html,mountain,missing,
91,schwinn super le tour 12.2 10-speed road bike,295,,https://washingtondc.craigslist.org/mld/bik/d/rockville-schwinn-super-le-tour-speed/7818873443.html,road,missing,
92,gray & green huffy stone mountain 18-speed mountain bike,95,,https://washingtondc.craigslist.org/mld/bik/d/rockville-gray-green-huffy-stone/7820113604.html,mountain,green,
93,dean titanium vintage rare size m excellent,880,,https://washingtondc.craigslist.org/mld/bik/d/gaithersburg-dean-titanium-vintage-rare/7817201358.html,missing,missing,
94,green kent dirt racer 7-speed mountain bike,95,,https://washingtondc.craigslist.org/mld/bik/d/rockville-green-kent-dirt-racer-speed/7824209983.html,mountain,green,
95,diamondback!..men's ...trade?,195,,https://richmond.craigslist.org/bik/d/lightfoot-diamondbackmens-trade/7822471474.html,missing,missing,
96,boys huffy rock creek 24 bicycle,80,,https://norfolk.craigslist.org/bik/d/norfolk-boys-huffy-rock-creek-24-bicycle/7818274792.html,missing,missing,
97,radio flyer tricycle,35,,https://pittsburgh.craigslist.org/bik/d/irwin-radio-flyer-tricycle/7823134450.html,missing,missing,
98,purple road master granite peak 18-speed mountain bike,65,,https://washingtondc.craigslist.org/mld/bik/d/rockville-purple-road-master-granite/7824206791.html,road,purple,
99,trek 54cm,350,,https://raleigh.craigslist.org/bik/d/wake-forest-trek-54cm/7823574623.html,missing,missing,
100,"16"" girls huffy frozen bike",35,,https://pittsburgh.craigslist.org/bik/d/irwin-16-girls-huffy-frozen-bike/7824200125.html,missing,missing,
101,men's paramount series 3 bicycle,220,,https://pittsburgh.craigslist.org/bik/d/irwin-mens-paramount-series-bicycle/7817446613.html,missing,missing,
102,collector wtb schwinn stingrays paying cash $$$,0,,https://norfolk.craigslist.org/bik/d/hampton-collector-wtb-schwinn-stingrays/7820856932.html,missing,missing,
103,ladies kulana hiku beach cruiser,169,,https://norfolk.craigslist.org/bik/d/norfolk-ladies-kulana-hiku-beach-cruiser/7819824269.html,beach,missing,
104,bike,100,,https://delaware.craigslist.org/bik/d/frederica-bike/7824194593.html,missing,missing,
105,700c hybrid fugi bike,100,,https://washingtondc.craigslist.org/nva/bik/d/alexandria-700c-hybrid-fugi-bike/7820226818.html,missing,missing,
106,26” trek bike,90,,https://washingtondc.craigslist.org/nva/bik/d/alexandria-26-trek-bike/7816755298.html,missing,missing,
107,26” full suspension schwinn,100,,https://washingtondc.craigslist.org/nva/bik/d/alexandria-26-full-suspension-schwinn/7816755056.html,missing,missing,
108,"1987 trek 400 elance - large 24-1/2"" (62cm) reynolds 531 steel frame",399,1987.0,https://washingtondc.craigslist.org/nva/bik/d/herndon-1987-trek-400-elance-large-cm/7824182699.html,missing,missing,38.0
109,bike,50,,https://delaware.craigslist.org/bik/d/frederica-bike/7824192188.html,missing,missing,
110,mongoose xr75,100,,https://norfolk.craigslist.org/bik/d/virginia-beach-mongoose-xr75/7817709180.html,missing,missing,
111,electric scooter for adult,169,,https://raleigh.craigslist.org/bik/d/durham-electric-scooter-for-adult/7824185450.html,electric,missing,
112,"26"" 15-speed adult bike with comfortable seat",80,,https://washingtondc.craigslist.org/mld/bik/d/frederick-speed-adult-bike-with/7824183021.html,missing,missing,
113,reduced 2 - 1996 serotta atlanta road bike 58cm full campagnolo chorus,899,1996.0,https://washingtondc.craigslist.org/nva/bik/d/herndon-reduced-serotta-atlanta-road/7824182390.html,road,missing,29.0
114,"indoor bike trainer - ascent fluid, never used",40,,https://delaware.craigslist.org/bik/d/milford-indoor-bike-trainer-ascent/7822399313.html,missing,missing,
115,vintage 1988 gt freestyle bmx,900,1988.0,https://washingtondc.craigslist.org/nva/bik/d/manassas-vintage-1988-gt-freestyle-bmx/7820157461.html,bmx,missing,37.0
116,diamondback podium 2 road bike size 54cm,250,,https://washingtondc.craigslist.org/nva/bik/d/chantilly-diamondback-podium-road-bike/7821393046.html,road,missing,
117,mokwheel electric mountain bike,900,,https://winstonsalem.craigslist.org/bik/d/elkin-mokwheel-electric-mountain-bike/7818170652.html,electric,missing,
118,schwinn twinn classic tandem adult bike,700,,https://richmond.craigslist.org/bik/d/midlothian-schwinn-twinn-classic-tandem/7823351142.html,missing,missing,
119,allen pet trailer connect to bike or pull like a wagon,75,,https://norfolk.craigslist.org/bik/d/portsmouth-allen-pet-trailer-connect-to/7819446573.html,missing,missing,
120,"26"" aluminum next lajolla street cruiser bicycle",75,,https://baltimore.craigslist.org/bik/d/baltimore-26-aluminum-next-lajolla/7823087178.html,missing,missing,
121,mongoose mode 180 bmx freestyle bike $250 new i’m asking,65,,https://york.craigslist.org/bik/d/york-mongoose-mode-180-bmx-freestyle/7818722380.html,bmx,missing,
122,"pacific 21 speed bicycle, 24 inch bike new $210 i’m asking",100,,https://york.craigslist.org/bik/d/york-pacific-21-speed-bicycle-24-inch/7821443228.html,missing,missing,
123,14” women’s rei novara pika 24 spd mtb,175,,https://washingtondc.craigslist.org/nva/bik/d/alexandria-14-womens-rei-novara-pika-24/7820746337.html,missing,missing,
124,"trek fx - 51cm (20"") frame - 700x35c - 24 speed - almost new",350,,https://washingtondc.craigslist.org/nva/bik/d/fairfax-station-trek-fx-51cm-20-frame/7824159007.html,missing,missing,
125,"roadmaster granite peak bicycle, 26 inch mountain bike",85,,https://york.craigslist.org/bik/d/york-roadmaster-granite-peak-bicycle-26/7823578089.html,mountain,missing,
126,"pre-war 1940s red klinedinst balloon tire bicycle, skip tooth bike",325,1940.0,https://york.craigslist.org/bik/d/york-pre-war-1940s-red-klinedinst/7823577810.html,missing,red,85.0
127,"kids bicycle, 12 inch bike",45,,https://york.craigslist.org/bik/d/york-kids-bicycle-12-inch-bike/7822411456.html,missing,missing,
128,"quest predator mountain bike, 26 inch bicycle new was $280 i’m asking",45,,https://york.craigslist.org/bik/d/york-quest-predator-mountain-bike-26/7819769459.html,mountain,missing,
129,"disney princess girls bike, 12 inch bicycle",35,,https://york.craigslist.org/bik/d/york-disney-princess-girls-bike-12-inch/7821666376.html,missing,missing,
130,xtreme ride mt7 folding bike,125,,https://richmond.craigslist.org/bik/d/richmond-xtreme-ride-mt7-folding-bike/7822740297.html,missing,missing,
131,mongoose dual shock bicycle – 21 speed aluminum frame bike,125,,https://york.craigslist.org/bik/d/york-mongoose-dual-shock-bicycle-21/7821666762.html,missing,missing,
132,mountain bike 26 inch bicycle,85,,https://york.craigslist.org/bik/d/york-mountain-bike-26-inch-bicycle/7821435102.html,mountain,missing,
133,small schwinn childs bike,250,,https://richmond.craigslist.org/bik/d/richmond-small-schwinn-childs-bike/7819699453.html,missing,missing,
134,vintage all pro kmart bicycle,40,,https://richmond.craigslist.org/bik/d/richmond-vintage-all-pro-kmart-bicycle/7819699183.html,missing,missing,
135,vintage schwinn mesa gs aluminum mountain bike fully restored,500,,https://washingtondc.craigslist.org/doc/bik/d/washington-vintage-schwinn-mesa-gs/7819313325.html,mountain,missing,
136,cyclocross bike 50cm sram rival groupset hydraulic disc brakes,350,,https://raleigh.craigslist.org/bik/d/garner-cyclocross-bike-50cm-sram-rival/7821308024.html,missing,missing,
137,gravel bike made in usa,275,,https://raleigh.craigslist.org/bik/d/garner-gravel-bike-made-in-usa/7823580530.html,missing,missing,
138,"1980s kent ambush bmx bicycle, 20 inch bike",325,1980.0,https://york.craigslist.org/bik/d/york-1980s-kent-ambush-bmx-bicycle-20/7821435278.html,bmx,missing,45.0
139,"1980s schwinn latour, bicycle, mint condition all original 10 spd bike",225,1980.0,https://york.craigslist.org/bik/d/york-1980s-schwinn-latour-bicycle-mint/7821443313.html,missing,missing,45.0
140,schwinn girls world sport,125,,https://norfolk.craigslist.org/bik/d/williamsburg-schwinn-girls-world-sport/7824154774.html,missing,missing,
141,kids scooter,80,,https://washingtondc.craigslist.org/nva/bik/d/lorton-kids-scooter/7824154628.html,missing,missing,
142,northwoods springdale hybrid bicycle cruiser bike new $300 i’m asking,225,,https://york.craigslist.org/bik/d/york-northwoods-springdale-hybrid/7822795024.html,missing,missing,
143,"nishiki 20 inch kids bicycle, 7 speed bike",135,,https://york.craigslist.org/bik/d/york-nishiki-20-inch-kids-bicycle-speed/7821435334.html,missing,missing,
144,tall k2 alturas 2.0 men's hybrid bike - 20 inch / 21 speeds,150,,https://washingtondc.craigslist.org/mld/bik/d/gaithersburg-tall-k2-alturas-20-mens/7818101712.html,missing,missing,
145,"schwinn sr suntour high timber blue, gray and white bike 26""",25,,https://baltimore.craigslist.org/bik/d/baltimore-schwinn-sr-suntour-high/7823490870.html,missing,white,
146,petimini 16 inch little kids bike for age 4-7 years old girls retro vi,15,,https://baltimore.craigslist.org/bik/d/baltimore-petimini-16-inch-little-kids/7823485352.html,missing,missing,
147,"triax dual shock, aluminum frame mountain bike, 20 inch bicycle",65,,https://york.craigslist.org/bik/d/york-triax-dual-shock-aluminum-frame/7819282456.html,mountain,missing,
148,"vintage 1980s columbia california girl bicycle, 20 inch bike",65,1980.0,https://york.craigslist.org/bik/d/york-vintage-1980s-columbia-california/7821443437.html,missing,missing,45.0
149,"girls paw patrol bicycle, bike has training wheels",45,,https://york.craigslist.org/bik/d/york-girls-paw-patrol-bicycle-bike-has/7822345273.html,missing,missing,
150,roadmaster mountain bike 26 inch tire 18 speed bicycle,85,,https://york.craigslist.org/bik/d/york-roadmaster-mountain-bike-26-inch/7819282580.html,mountain,missing,
151,peloton bike - ($400) will deliver,400,,https://washingtondc.craigslist.org/doc/bik/d/washington-peloton-bike-will-deliver/7824153151.html,missing,missing,
152,trek 7500 multitrack road bike hybrid comfort aluminum bicycle bike,400,,https://washingtondc.craigslist.org/nva/bik/d/alexandria-trek-7500-multitrack-road/7824151392.html,road,missing,
153,56cm jamis endura carbon road bike,650,,https://raleigh.craigslist.org/bik/d/durham-56cm-jamis-endura-carbon-road/7824152909.html,road,missing,
154,giant roam 2 bicycle,190,,https://charlottesville.craigslist.org/bik/d/charlottesville-giant-roam-bicycle/7824152667.html,missing,missing,
155,add - on bike,87,,https://baltimore.craigslist.org/bik/d/towson-add-on-bike/7819293882.html,missing,missing,
156,trek 830 mountaintrack xc custom mtbmx cruiser,225,,https://raleigh.craigslist.org/bik/d/raleigh-trek-830-mountaintrack-xc/7818189444.html,missing,missing,
157,performance vitesse 61cm all-rounder,250,,https://raleigh.craigslist.org/bik/d/raleigh-performance-vitesse-61cm-all/7820078204.html,missing,missing,
158,gary fischer marlin mtb xl $125 obo,125,,https://raleigh.craigslist.org/bik/d/raleigh-gary-fischer-marlin-mtb-xl-125/7823294075.html,missing,missing,
159,diamondback wildwood comfort hybrid $115 obo,115,,https://raleigh.craigslist.org/bik/d/raleigh-diamondback-wildwood-comfort/7823294858.html,missing,missing,
160,boeris flat bar road bike 60cm,375,,https://raleigh.craigslist.org/bik/d/raleigh-boeris-flat-bar-road-bike-60cm/7823530479.html,road,missing,
161,18 speed atb  [all terrain bike],63,,https://baltimore.craigslist.org/bik/d/towson-18-speed-atb-all-terrain-bike/7819293669.html,missing,missing,
162,"1980s schwinn traveler bicycle, mint condition all original bike",225,1980.0,https://york.craigslist.org/bik/d/york-1980s-schwinn-traveler-bicycle/7824147811.html,missing,missing,45.0
163,"3 speed street bike, foot brake",100,,https://baltimore.craigslist.org/bik/d/towson-speed-street-bike-foot-brake/7822438529.html,missing,missing,
164,1 speed add-on bike,87,,https://baltimore.craigslist.org/bik/d/towson-speed-add-on-bike/7816576561.html,missing,missing,
165,"kent abyss bicycle, 20 inch bike",35,,https://york.craigslist.org/bik/d/york-kent-abyss-bicycle-20-inch-bike/7824147278.html,missing,missing,
166,khs,325,,https://raleigh.craigslist.org/bik/d/wake-forest-khs/7823574734.html,missing,missing,
167,trek 2100 zx carbon road bike,400,,https://raleigh.craigslist.org/bik/d/wake-forest-trek-2100-zx-carbon-road/7823578425.html,road,missing,
168,1961 amf roadmaster,200,1961.0,https://lynchburg.craigslist.org/bik/d/lynchburg-1961-amf-roadmaster/7817434080.html,missing,missing,64.0
169,trek road bike 54cm,350,,https://raleigh.craigslist.org/bik/d/wake-forest-trek-road-bike-54cm/7823084980.html,road,missing,
170,cannondale xs800,650,,https://raleigh.craigslist.org/bik/d/wake-forest-cannondale-xs800/7819507330.html,missing,missing,
171,vintage proflex 555 mountain bike,295,,https://lancaster.craigslist.org/bik/d/lancaster-vintage-proflex-555-mountain/7823578817.html,mountain,missing,
172,vintage shogun road hybrid * large,300,,https://raleigh.craigslist.org/bik/d/raleigh-vintage-shogun-road-hybrid-large/7817113426.html,road,missing,
173,schwinn sierra small hybrid,160,,https://richmond.craigslist.org/bik/d/mechanicsville-schwinn-sierra-small/7823073976.html,missing,missing,
174,diamondback edgewood medium hybrid,160,,https://richmond.craigslist.org/bik/d/mechanicsville-diamondback-edgewood/7823074000.html,missing,missing,
175,diamondback edgewood medium hybrid,160,,https://richmond.craigslist.org/bik/d/mechanicsville-diamondback-edgewood/7820721515.html,missing,missing,
176,1959 red schwinn phantom,2200,1959.0,https://richmond.craigslist.org/bik/d/mechanicsville-1959-red-schwinn-phantom/7817887402.html,missing,red,66.0
177,townie by trek  excellent,240,,https://richmond.craigslist.org/bik/d/mechanicsville-townie-by-trek-excellent/7816301946.html,missing,missing,
178,"fuji sunfire 3.0 17.0 med hybrid. 19"" large hybrid",220,,https://richmond.craigslist.org/bik/d/mechanicsville-fuji-sunfire-med-hybrid/7819844233.html,missing,missing,
179,"schwinn suburban 16"" medium lady",160,,https://richmond.craigslist.org/bik/d/mechanicsville-schwinn-suburban-16/7822063643.html,missing,missing,
180,fuji absolute 2.0 flat bar road bike large,220,,https://richmond.craigslist.org/bik/d/mechanicsville-fuji-absolute-20-flat/7822010461.html,road,missing,
181,novara transfer (rei) sm/med  nexus 7,160,,https://richmond.craigslist.org/bik/d/mechanicsville-novara-transfer-rei-sm/7822539999.html,missing,missing,
182,gt windstream ladies hybrid,160,,https://richmond.craigslist.org/bik/d/mechanicsville-gt-windstream-ladies/7822540300.html,missing,missing,
183,"masi  51cm (20"")  brand new !",400,,https://richmond.craigslist.org/bik/d/mechanicsville-masi-51cm-20-brand-new/7822597732.html,missing,missing,
184,trek gary fisher napa ladies s/m,160,,https://richmond.craigslist.org/bik/d/mechanicsville-trek-gary-fisher-napa/7823073949.html,missing,missing,
185,specialized roll comp x-1 low entry large,400,,https://richmond.craigslist.org/bik/d/mechanicsville-specialized-roll-comp-1/7824140433.html,missing,missing,
186,giant recon se large frame,245,,https://lancaster.craigslist.org/bik/d/lancaster-giant-recon-se-large-frame/7823575071.html,missing,missing,
187,giant revive dx recumbent bicycle,295,,https://lancaster.craigslist.org/bik/d/lancaster-giant-revive-dx-recumbent/7823575095.html,missing,missing,
188,trek 7200 multitrack hybrid bike,245,,https://lancaster.craigslist.org/bik/d/lancaster-trek-7200-multitrack-hybrid/7823575119.html,missing,missing,
189,"allen bike rear hitch rack, folds flat, good condition",35,,https://harrisburg.craigslist.org/bik/d/palmyra-allen-bike-rear-hitch-rack/7822952334.html,missing,missing,
190,free spirit dynasty * l/xl * fully serviced,180,,https://raleigh.craigslist.org/bik/d/raleigh-free-spirit-dynasty-xl-fully/7823573839.html,missing,missing,
191,american-made huffy sahara * all-terrain 10 speed * fully serviced,110,,https://raleigh.craigslist.org/bik/d/raleigh-american-made-huffy-sahara-all/7822510406.html,missing,missing,
192,raleigh-usa m55 * large * fully serviced,200,,https://raleigh.craigslist.org/bik/d/raleigh-raleigh-usa-m55-large-fully/7822511211.html,missing,missing,
193,"26"" lightweight aluminum electra cruiser 3 speed beach cruiser",150,,https://norfolk.craigslist.org/bik/d/chesapeake-26-lightweight-aluminum/7823514887.html,beach,missing,
194,2021 schwinn sting - ray orange and coal krates,900,2021.0,https://norfolk.craigslist.org/bik/d/chesapeake-2021-schwinn-sting-ray/7819495814.html,missing,orange,4.0
195,"29"" r4 limited edition bmx mag alloy wheels",210,,https://norfolk.craigslist.org/bik/d/chesapeake-29-r4-limited-edition-bmx/7819496105.html,bmx,missing,
196,"20"" kent westport adult folding tricycle",160,,https://norfolk.craigslist.org/bik/d/chesapeake-20-kent-westport-adult/7818230479.html,missing,missing,
197,20104brand new 1000w e bike fat tire,1300,2010.0,https://washingtondc.craigslist.org/nva/bik/d/ashburn-20104brand-new-1000w-bike-fat/7824138085.html,missing,missing,15.0
198,schwinn aerostar * bmx * fully serviced,100,,https://raleigh.craigslist.org/bik/d/raleigh-schwinn-aerostar-bmx-fully/7824137339.html,bmx,missing,
199,full suspension polygon siskiu collosus xl 29ner,1650,,https://baltimore.craigslist.org/bik/d/glen-burnie-full-suspension-polygon/7817754363.html,missing,missing,
200,polygon collosus n7,1650,,https://annapolis.craigslist.org/bik/d/glen-burnie-polygon-collosus-n7/7822122242.html,missing,missing,
201,schwinn high timber * s/med * fully serviced,200,,https://raleigh.craigslist.org/bik/d/raleigh-schwinn-high-timber-med-fully/7819534783.html,missing,missing,
202,"firmstrong urban 26"" seven speed, red",150,,https://delaware.craigslist.org/bik/d/dover-firmstrong-urban-26-seven-speed/7824135827.html,missing,red,
203,schwinn frontier gsx *  x-large * fully serviced,250,,https://raleigh.craigslist.org/bik/d/raleigh-schwinn-frontier-gsx-large/7824135283.html,missing,missing,
204,"26"" performance aurora 21-speed mountain bike / bicycle",120,,https://raleigh.craigslist.org/bik/d/clayton-26-performance-aurora-21-speed/7821347000.html,mountain,missing,
205,crimson red trek multitrack 730 gravel bike (48 cm) made in the usa,290,,https://washingtondc.craigslist.org/mld/bik/d/baltimore-crimson-red-trek-multitrack/7817062746.html,missing,red,
206,(1) giant cypress bicycle  (recently serviced!!),245,,https://lancaster.craigslist.org/bik/d/lancaster-giant-cypress-bicycle/7819617339.html,missing,missing,
207,"lynskey gr300 titanium di2, size large, new",3200,,https://raleigh.craigslist.org/bik/d/carrboro-lynskey-gr300-titanium-di2/7816599869.html,missing,missing,
208,bike  trailer  $75.00,75,,https://baltimore.craigslist.org/bik/d/essex-bike-trailer-7500/7822771249.html,missing,missing,
209,blue mountain bike,65,,https://pittsburgh.craigslist.org/bik/d/pittsburgh-blue-mountain-bike/7824113076.html,mountain,blue,
210,carpet cleaning specials,50,,https://norfolk.craigslist.org/bik/d/virginia-beach-carpet-cleaning-specials/7819222164.html,missing,missing,
211,jetson ryder pro electric scooter brand new,280,,https://pittsburgh.craigslist.org/bik/d/north-versailles-jetson-ryder-pro/7824109797.html,electric,missing,
212,jetson shield ultra-lock electric scooter brand new,280,,https://pittsburgh.craigslist.org/bik/d/north-versailles-jetson-shield-ultra/7824109758.html,electric,missing,
213,cervelo soloist carbon road bike,1800,,https://washingtondc.craigslist.org/nva/bik/d/reston-cervelo-soloist-carbon-road-bike/7824108087.html,road,missing,
214,jetson bolt pro folding electric bike with 30 miles max operating range & 15.5 m,265,,https://pittsburgh.craigslist.org/bik/d/north-versailles-jetson-bolt-pro/7824109711.html,electric,missing,
215,"diamondback- luster 1 women's 26"", 21 speed hybrid comfort bike",350,,https://washingtondc.craigslist.org/mld/bik/d/gaithersburg-diamondback-luster-womens/7824108707.html,missing,missing,
216,"schwinn women's 28"" (700c) 21 speed hybrid/comfort bike",295,,https://washingtondc.craigslist.org/mld/bik/d/gaithersburg-schwinn-womens-21-speed/7824108610.html,missing,missing,
217,"fuji- dynamite 24"" girl's 7 speed hybrid",275,,https://washingtondc.craigslist.org/mld/bik/d/gaithersburg-fuji-dynamite-24-girls/7824108565.html,missing,missing,
218,travel trac real axiom bike bicycle stationary cycling trainer,50,,https://raleigh.craigslist.org/bik/d/carrboro-travel-trac-real-axiom-bike/7823533983.html,missing,missing,
219,vintage sears spaceliner and sears flightliner sale or trade,50,,https://pittsburgh.craigslist.org/bik/d/elco-vintage-sears-spaceliner-and-sears/7824105493.html,missing,missing,
220,pinarello prince 55cm,550,,https://raleigh.craigslist.org/bik/d/wake-forest-pinarello-prince-55cm/7823344368.html,missing,missing,
221,onguard 8031 doberman bike lock,20,,https://washingtondc.craigslist.org/nva/bik/d/vienna-onguard-8031-doberman-bike-lock/7817368734.html,missing,missing,
222,kid's spiderman bicycle,50,,https://martinsburg.craigslist.org/bik/d/martinsburg-kids-spiderman-bicycle/7824100110.html,missing,missing,
223,mongoose  big daddy,50,,https://lancaster.craigslist.org/bik/d/columbia-mongoose-big-daddy/7824095622.html,missing,missing,
224,like new gotrax f2 foldable electric bike 2.0,775,,https://washingtondc.craigslist.org/doc/bik/d/rockville-like-new-gotrax-f2-foldable/7822953236.html,electric,missing,
225,2022 orbea rise h15 e-bike large,3200,2022.0,https://washingtondc.craigslist.org/nva/bik/d/arlington-2022-orbea-rise-h15-bike-large/7823377614.html,missing,missing,3.0
226,moped,0,,https://norfolk.craigslist.org/bik/d/virginia-beach-moped/7824089089.html,missing,missing,
227,townie electra 7spd,0,,https://norfolk.craigslist.org/bik/d/virginia-beach-townie-electra-7spd/7823209492.html,missing,missing,
228,ibis hakka mx v1 - 61cm (bone white/teal),1500,,https://raleigh.craigslist.org/bik/d/holly-springs-ibis-hakka-mx-v1-61cm/7824088034.html,missing,missing,
229,avigo one eight 18 inch bike,30,,https://washingtondc.craigslist.org/nva/bik/d/leesburg-avigo-one-eight-18-inch-bike/7818797678.html,missing,missing,
230,"specialized turbo vado 3.0 hardtail ebike, size l",1200,,https://washingtondc.craigslist.org/mld/bik/d/baltimore-specialized-turbo-vado-30/7824084882.html,missing,missing,
231,schwinn mountain bike,60,,https://washingtondc.craigslist.org/nva/bik/d/schwinn-mountain-bike/7822966438.html,mountain,missing,
232,giant liv ladies comfort hybrid - aluminum - 700c wheels,185,,https://raleigh.craigslist.org/bik/d/holly-springs-giant-liv-ladies-comfort/7824081244.html,missing,missing,
233,scott 2016 spark 930 *carbon* 29er hydraulic disc *large* nice,1380,2016.0,https://raleigh.craigslist.org/bik/d/holly-springs-scott-2016-spark-930/7824079679.html,missing,missing,9.0
234,mongoose mountain bike with pump,50,,https://washingtondc.craigslist.org/nva/bik/d/alexandria-mongoose-mountain-bike-with/7817172865.html,mountain,missing,
235,ghost square cross *** new condition*** hydraulic disc / large aluminum frame 70,380,,https://raleigh.craigslist.org/bik/d/holly-springs-ghost-square-cross-new/7824078667.html,missing,missing,
236,cannondale criterium 1988,200,1988.0,https://washingtondc.craigslist.org/nva/bik/d/arlington-cannondale-criterium-1988/7823107835.html,missing,missing,37.0
237,"21"" mountain bike",50,,https://morgantown.craigslist.org/bik/d/oliver-21-mountain-bike/7824076156.html,mountain,missing,
238,tag along bike,20,,https://pittsburgh.craigslist.org/bik/d/uniontown-tag-along-bike/7824075991.html,missing,missing,
239,cannondale 29,1,,https://winstonsalem.craigslist.org/bik/d/winston-salem-cannondale-29/7823244628.html,missing,missing,
240,damocles isp. 900 obo,900,,https://raleigh.craigslist.org/bik/d/cary-damocles-isp-900-obo/7823248875.html,missing,missing,
241,cannondale,1,,https://raleigh.craigslist.org/bik/d/cary-cannondale/7823288518.html,missing,missing,
242,chicago 3.5 speed factory custom/$300,300,,https://baltimore.craigslist.org/bik/d/belcamp-chicago-35-speed-factory-custom/7820892755.html,missing,missing,
243,"all terra 26,21speed mountain /$200",200,,https://baltimore.craigslist.org/bik/d/belcamp-all-terra-2621speed-mountain-200/7820775855.html,mountain,missing,
244,trek verve 2,250,,https://york.craigslist.org/bik/d/hanover-trek-verve/7824073793.html,missing,missing,
245,tour easy recumbent bike,450,,https://baltimore.craigslist.org/bik/d/towson-tour-easy-recumbent-bike/7824069411.html,missing,missing,
246,blue 7300 trek bike,320,,https://washingtondc.craigslist.org/mld/bik/d/rockville-blue-7300-trek-bike/7817723829.html,missing,blue,
247,"fuji sunfire 19"" aluminum frame mountain bike",180,,https://harrisburg.craigslist.org/bik/d/new-oxford-fuji-sunfire-19-aluminum/7824068165.html,mountain,missing,
248,giant rincon blue/silver size 17 and accessories,120,,https://washingtondc.craigslist.org/doc/bik/d/washington-giant-rincon-blue-silver/7823274725.html,missing,missing,
249,e-joe epik swan folding e-bike,300,,https://washingtondc.craigslist.org/doc/bik/d/washington-joe-epik-swan-folding-bike/7823277072.html,missing,missing,
250,"26"" huffy cranbrook beach cruiser",85,,https://norfolk.craigslist.org/bik/d/chesapeake-26-huffy-cranbrook-beach/7823453239.html,beach,missing,
251,"20"" se mini ripper bmx race bike",190,,https://norfolk.craigslist.org/bik/d/chesapeake-20-se-mini-ripper-bmx-race/7823344105.html,bmx,missing,
252,"26"" trek lime auto shifting beach cruiser bicycle",200,,https://norfolk.craigslist.org/bik/d/chesapeake-26-trek-lime-auto-shifting/7823345394.html,beach,missing,
253,"20"" reproduction schwinn sting - ray muscle bike",140,,https://norfolk.craigslist.org/bik/d/chesapeake-20-reproduction-schwinn/7823350789.html,missing,missing,
254,"20"" felt sector mini bmx race bike",210,,https://norfolk.craigslist.org/bik/d/chesapeake-20-felt-sector-mini-bmx-race/7823459035.html,bmx,missing,
255,"1958 ladies schwinn spitfire with helmet, u-lock, and upgraded seat",300,1958.0,https://raleigh.craigslist.org/bik/d/durham-1958-ladies-schwinn-spitfire/7824064835.html,missing,missing,67.0
256,gary fisher 24speed with 29inch wheels and disc brakes,500,,https://lancaster.craigslist.org/bik/d/lancaster-gary-fisher-24speed-with/7824064531.html,missing,missing,
257,huffy fairmont girls bike - 20 inch,70,,https://washingtondc.craigslist.org/nva/bik/d/fairfax-huffy-fairmont-girls-bike-20/7820762492.html,missing,missing,
258,collector wtb schwinn stingrays paying cash $$$,0,,https://norfolk.craigslist.org/bik/d/hampton-collector-wtb-schwinn-stingrays/7824061808.html,missing,missing,
259,kid’s bike (boys),35,,https://washingtondc.craigslist.org/nva/bik/d/reston-kids-bike-boys/7818956343.html,missing,missing,
260,collector wtb schwinn stingrays paying cash $$$,0,,https://norfolk.craigslist.org/bik/d/hampton-collector-wtb-schwinn-stingrays/7824060530.html,missing,missing,
261,specialized crossroads bike / bicycle,190,,https://washingtondc.craigslist.org/nva/bik/d/springfield-specialized-crossroads-bike/7821529714.html,missing,missing,
262,"56cm (m/l) carbon fiber felt fr5 road bike, excellent condition",1200,,https://washingtondc.craigslist.org/nva/bik/d/springfield-56cm-l-carbon-fiber-felt/7822981278.html,road,missing,
263,"new $5500 small specialized turbo vado 5.0 igh belt e-bike, upgraded",3990,,https://washingtondc.craigslist.org/nva/bik/d/springfield-new-5500-small-specialized/7821802542.html,missing,missing,
264,"new giant lafree e+ 1 e-bike, disc, belt drive, large",1650,,https://washingtondc.craigslist.org/nva/bik/d/springfield-new-giant-lafree-1-bike/7824058931.html,missing,missing,
265,2022 cannondale caad13 105 bike 56cm,1190,2022.0,https://baltimore.craigslist.org/bik/d/towson-2022-cannondale-caad-bike-56cm/7822124666.html,missing,missing,3.0
266,men's cycling jerseys/kit-all sizes!,40,,https://norfolk.craigslist.org/bik/d/chesapeake-mens-cycling-jerseys-kit-all/7820736710.html,missing,missing,
267,zebrakenko wind 10 speed golden sports,75,,https://delaware.craigslist.org/bik/d/north-east-zebrakenko-wind-10-speed/7824049227.html,missing,missing,
268,tandem bicycle by columbia,175,,https://washingtondc.craigslist.org/nva/bik/d/annandale-tandem-bicycle-by-columbia/7823344520.html,missing,missing,
269,1952 columbia  reissue ballon tire bike,100,1952.0,https://pittsburgh.craigslist.org/bik/d/irwin-1952-columbia-reissue-ballon-tire/7822289254.html,missing,missing,73.0
270,classic 10-speed ralrigh rapide,50,,https://greensboro.craigslist.org/bik/d/jamestown-classic-10-speed-ralrigh/7824043196.html,missing,missing,
271,2023 trek 7.3 fx disc bicycle large frame,550,2023.0,https://richmond.craigslist.org/bik/d/richmond-2023-trek-73-fx-disc-bicycle/7824040974.html,missing,missing,2.0
272,"schwinn 10 speed men's 27"" road bike bicycle",100,,https://baltimore.craigslist.org/bik/d/pikesville-schwinn-10-speed-mens-27/7822901288.html,road,missing,
273,bike rack,40,,https://lancaster.craigslist.org/bik/d/lititz-bike-rack/7824030908.html,missing,missing,
274,specialized bike-27 speed-fully tuned-rides great,295,,https://washingtondc.craigslist.org/nva/bik/d/fairfax-station-specialized-bike-27/7824029466.html,missing,missing,
275,trek 2300 slr ultegra groupset-54cm sl frame,575,,https://washingtondc.craigslist.org/nva/bik/d/fairfax-station-trek-2300-slr-ultegra/7824029238.html,missing,missing,
276,gas powered bike 100cc,400,,https://pittsburgh.craigslist.org/bik/d/pittsburgh-gas-powered-bike-100cc/7820001338.html,missing,missing,
277,bike,400,,https://pittsburgh.craigslist.org/bik/d/pittsburgh-bike/7820070184.html,missing,missing,
278,ross bicycle,45,,https://roanoke.craigslist.org/bik/d/cloverdale-ross-bicycle/7821303866.html,missing,missing,
279,"vintage schwinn 10-speed bike, needs work",20,,https://washingtondc.craigslist.org/nva/bik/d/vintage-schwinn-10-speed-bike-needs-work/7823464045.html,missing,missing,
280,specialized ruby women's full carbon road bike,1400,,https://washingtondc.craigslist.org/nva/bik/d/alexandria-specialized-ruby-womens-full/7817302914.html,road,missing,
281,vintage schwinn breeze womens bike single speed,100,,https://washingtondc.craigslist.org/nva/bik/d/alexandria-vintage-schwinn-breeze/7817302846.html,missing,missing,
282,"raleigh grand prix, reynolds 531, shimano 105’s",200,,https://raleigh.craigslist.org/bik/d/raleigh-raleigh-grand-prix-reynolds-531/7824016343.html,missing,missing,
283,kid huffy bike,45,,https://richmond.craigslist.org/bik/d/richmond-kid-huffy-bike/7822623855.html,kid,missing,
284,@ trek bicycle for sale,600,,https://norfolk.craigslist.org/bik/d/virginia-beach-trek-bicycle-for-sale/7824013074.html,missing,missing,
285,"huffy cranbrook adult cruiser bike, 26"" wheels, comfort saddle",90,,https://delaware.craigslist.org/bik/d/dover-huffy-cranbrook-adult-cruiser/7824012616.html,missing,missing,
286,vintage pair of schwinns 60/70s **,500,,https://washingtondc.craigslist.org/mld/bik/d/gaithersburg-vintage-pair-of-schwinns/7816854476.html,missing,missing,
287,schwinn varsity bike obo,300,,https://washingtondc.craigslist.org/mld/bik/d/gaithersburg-schwinn-varsity-bike-obo/7816854351.html,missing,missing,
288,schwinn wayfarer cruiser 27',140,,https://winstonsalem.craigslist.org/bik/d/winston-salem-schwinn-wayfarer-cruiser/7820263048.html,missing,missing,
289,schwinn dbx mountain bike,100,,https://winstonsalem.craigslist.org/bik/d/winston-salem-schwinn-dbx-mountain-bike/7820262973.html,mountain,missing,
290,"20"" girls huffy bike",45,,https://pittsburgh.craigslist.org/bik/d/irwin-20-girls-huffy-bike/7822299818.html,missing,missing,
291,scott hydro bike,400,,https://washingtondc.craigslist.org/mld/bik/d/germantown-scott-hydro-bike/7816854178.html,missing,missing,
292,@ trek bicycle for sale,500,,https://norfolk.craigslist.org/bik/d/virginia-beach-trek-bicycle-for-sale/7824010108.html,missing,missing,
293,men’s bike,500,,https://raleigh.craigslist.org/bik/d/durham-mens-bike/7818498273.html,missing,missing,
294,north woods springdale,160,,https://washingtondc.craigslist.org/mld/bik/d/gaithersburg-north-woods-springdale/7822137696.html,missing,missing,
295,planet bike xl***,250,,https://washingtondc.craigslist.org/mld/bik/d/gaithersburg-planet-bike-xl/7816854228.html,missing,missing,
296,2021 cervelo r series - 56cm,2600,2021.0,https://pittsburgh.craigslist.org/bik/d/murrysville-2021-cervelo-series-56cm/7824008978.html,missing,missing,4.0
297,70s schwinn varsity bike **,300,,https://washingtondc.craigslist.org/mld/bik/d/germantown-70s-schwinn-varsity-bike/7816854330.html,missing,missing,
298,bridgestone 200 bicycle ***,120,,https://washingtondc.craigslist.org/mld/bik/d/gaithersburg-bridgestone-200-bicycle/7816854508.html,missing,missing,
299,fuji captiva cruiser great condition,300,,https://washingtondc.craigslist.org/mld/bik/d/derwood-fuji-captiva-cruiser-great/7816854388.html,missing,missing,
300,se women’s bike*,220,,https://washingtondc.craigslist.org/mld/bik/d/gaithersburg-se-womens-bike/7816854295.html,missing,missing,
301,upgraded trek superfly hardtail,700,,https://baltimore.craigslist.org/bik/d/baltimore-upgraded-trek-superfly/7822767618.html,missing,missing,
302,xpremium lectric electric bike w/ 4 battery packs + cargo package.,1350,,https://washingtondc.craigslist.org/doc/bik/d/washington-xpremium-lectric-electric/7823336803.html,electric,missing,
303,bike for sale pickup at kempsville library virginia beach or bingo cit,45,,https://norfolk.craigslist.org/bik/d/virginia-beach-bike-for-sale-pickup-at/7824005552.html,beach,missing,
304,beach cruiser bike,50,,https://norfolk.craigslist.org/bik/d/suffolk-beach-cruiser-bike/7816432111.html,beach,missing,
305,2021 giant contend ar 4,750,2021.0,https://washingtondc.craigslist.org/nva/bik/d/alexandria-2021-giant-contend-ar/7823996782.html,missing,missing,4.0
306,"niner one9 xl extra large 29"" single speed",800,,https://richmond.craigslist.org/bik/d/manakin-sabot-niner-one9-xl-extra-large/7823996411.html,missing,missing,
307,jamis ventura road bike 58cm,600,,https://richmond.craigslist.org/bik/d/manakin-sabot-jamis-ventura-road-bike/7818685410.html,road,missing,
308,lynskey livewire titanium mountain 29er bike xl,2400,,https://richmond.craigslist.org/bik/d/manakin-sabot-lynskey-livewire-titanium/7818685235.html,mountain,missing,
309,"trek 7300 hybrid 15""",280,,https://richmond.craigslist.org/bik/d/manakin-sabot-trek-7300-hybrid-15/7823996265.html,missing,missing,
310,specialized tricross gravel cyclocross bike 58cm,800,,https://richmond.craigslist.org/bik/d/manakin-sabot-specialized-tricross/7820635034.html,missing,missing,
311,dirt jump bike - brand new frame,750,,https://washingtondc.craigslist.org/mld/bik/d/garrett-park-dirt-jump-bike-brand-new/7823994467.html,missing,missing,
312,gas bike,250,,https://norfolk.craigslist.org/bik/d/newport-news-gas-bike/7823993731.html,missing,missing,
313,specialized globe city bike,150,,https://washingtondc.craigslist.org/nva/bik/d/alexandria-specialized-globe-city-bike/7816360874.html,missing,missing,
314,26” raleigh mtb,30,,https://washingtondc.craigslist.org/nva/bik/d/alexandria-26-raleigh-mtb/7816360792.html,missing,missing,
315,"schwinn ranger 24"" bike boys - 21-speed",100,,https://raleigh.craigslist.org/bik/d/durham-schwinn-ranger-24-bike-boys-21/7819190883.html,missing,missing,
316,"dbx 26"" hybrid bike - beater",40,,https://raleigh.craigslist.org/bik/d/durham-dbx-26-hybrid-bike-beater/7817802692.html,missing,missing,
317,"in very good condition a 26in blue schwinn adult tricycle, trike (pic)",235,,https://raleigh.craigslist.org/bik/d/wake-forest-in-very-good-condition-26in/7823985486.html,missing,blue,
318,women/girls mongoose bike!,225,,https://baltimore.craigslist.org/bik/d/ellicott-city-women-girls-mongoose-bike/7823984218.html,missing,missing,
319,nice 21 speed bike,85,,https://winstonsalem.craigslist.org/bik/d/winston-salem-nice-21-speed-bike/7815933692.html,missing,missing,
320,bicycle trailer kids car. good condition with no issues. pickup at kem,50,,https://norfolk.craigslist.org/bik/d/virginia-beach-bicycle-trailer-kids-car/7823982294.html,missing,missing,
321,"2021 schwinn sting - ray ""orange krate"" 20"" bicycle",520,2021.0,https://norfolk.craigslist.org/bik/d/chesapeake-2021-schwinn-sting-ray/7816123527.html,missing,missing,4.0
322,diamondback wildwood deluxe silver bike,35,,https://baltimore.craigslist.org/bik/d/baltimore-diamondback-wildwood-deluxe/7823980005.html,missing,silver,
323,"big wheel minnie mouse 16"" front",50,,https://raleigh.craigslist.org/bik/d/chapel-hill-big-wheel-minnie-mouse-16/7823979956.html,missing,missing,
324,trek stache 7 29+ winter mtb,700,,https://washingtondc.craigslist.org/nva/bik/d/dunn-loring-trek-stache-29-winter-mtb/7819392372.html,missing,missing,
325,trek 1000 aluminum framed bicycle,225,,https://lancaster.craigslist.org/bik/d/lancaster-trek-1000-aluminum-framed/7823306343.html,missing,missing,
326,pacific mountain bicycle (just serviced!!!),75,,https://lancaster.craigslist.org/bik/d/lancaster-pacific-mountain-bicycle-just/7817254232.html,mountain,missing,
327,schwinn bicycle -- (recently serviced!!),225,,https://lancaster.craigslist.org/bik/d/lancaster-schwinn-bicycle-recently/7823305667.html,missing,missing,
328,schwinn 100th anniversary cruiser bicycle,169,,https://lancaster.craigslist.org/bik/d/lancaster-schwinn-100th-anniversary/7819618474.html,missing,missing,
329,raleigh bicycle - (just serviced!),175,,https://lancaster.craigslist.org/bik/d/lancaster-raleigh-bicycle-just-serviced/7822079663.html,missing,missing,
330,schwinn bicycle,95,,https://lancaster.craigslist.org/bik/d/lancaster-schwinn-bicycle/7816527079.html,missing,missing,
331,large 60cm raleigh single speed road bike with riser bars,250,,https://washingtondc.craigslist.org/doc/bik/d/washington-large-60cm-raleigh-single/7822619228.html,road,missing,
332,vintage 54cm ladies/stepthru/mixte raleigh 12-spd road cruiser,400,,https://washingtondc.craigslist.org/doc/bik/d/washington-vintage-54cm-ladies-stepthru/7822619408.html,road,missing,
333,medium 54cm shogun roadster 8-speed bike,200,,https://washingtondc.craigslist.org/doc/bik/d/washington-medium-54cm-shogun-roadster/7822619498.html,missing,missing,
334,classic styling schwinn 10-speed,50,,https://raleigh.craigslist.org/bik/d/chapel-hill-classic-styling-schwinn-10/7823973627.html,missing,missing,
335,"girls' schwinn signature joy 24""",125,,https://washingtondc.craigslist.org/doc/bik/d/washington-girls-schwinn-signature-joy/7823972226.html,missing,missing,
336,"blue boy's schwinn thrasher 24""",125,,https://washingtondc.craigslist.org/doc/bik/d/washington-blue-boys-schwinn-thrasher-24/7823972096.html,missing,blue,
337,2021 s4 stumpjumper evo - carbon everything,2400,2021.0,https://roanoke.craigslist.org/bik/d/roanoke-2021-s4-stumpjumper-evo-carbon/7823968669.html,missing,missing,4.0
338,vintage schwinn (starlet iii) women’s bicycle,200,,https://raleigh.craigslist.org/bik/d/durham-vintage-schwinn-starlet-iii/7819319871.html,missing,missing,
339,trek alpha aluminum 2.1 wsd road bike 42.5cm,250,,https://washingtondc.craigslist.org/nva/bik/d/chantilly-trek-alpha-aluminum-21-wsd/7823966565.html,road,missing,
340,specialized dolce elite,300,,https://washingtondc.craigslist.org/nva/bik/d/springfield-specialized-dolce-elite/7823414977.html,missing,missing,
341,subrosa bmx bike 2021,200,2021.0,https://raleigh.craigslist.org/bik/d/garner-subrosa-bmx-bike-2021/7822970124.html,bmx,missing,4.0
342,"mongoose sycamore 21-speed bike, needs work",40,,https://washingtondc.craigslist.org/nva/bik/d/mongoose-sycamore-21-speed-bike-needs/7816065974.html,missing,missing,
343,"strider 12"" balance bike",40,,https://pittsburgh.craigslist.org/bik/d/pittsburgh-strider-12-balance-bike/7823957590.html,missing,missing,
344,allen sports deluxe child bike trailer - like new,100,,https://pittsburgh.craigslist.org/bik/d/pittsburgh-allen-sports-deluxe-child/7823957498.html,missing,missing,
345,schwin paramount series r30,195,,https://norfolk.craigslist.org/bik/d/hampton-schwin-paramount-series-r30/7818236103.html,missing,missing,
346,mongose racing bike,175,,https://norfolk.craigslist.org/bik/d/hampton-mongose-racing-bike/7816989475.html,missing,missing,
347,huffy child's bicycle,45,,https://norfolk.craigslist.org/bik/d/hampton-huffy-childs-bicycle/7816989667.html,missing,missing,
348,huffy child's bicycle,30,,https://norfolk.craigslist.org/bik/d/hampton-huffy-childs-bicycle/7816989751.html,missing,missing,
349,"royce union  26"" 21 speed mountain bike",175,,https://norfolk.craigslist.org/bik/d/hampton-royce-union-speed-mountain-bike/7816404679.html,mountain,missing,
